famid,id,fa,mo,sex,aff,rs12075_Al1,rs12075_Al2
1,20001,0,0,1,1,A,A
1,20002,0,0,2,1,A,A
1,10003,20001,20002,1,1,A,A
1,10004,20001,20002,1,1,A,A
1,10005,20001,20002,1,1,A,A
1,10006,20001,20002,1,2,A,A
2,20014,0,0,1,2,A,A
2,20015,0,0,2,0,.,.
2,10016,20014,20015,1,1,A,G
2,10017,20014,20015,2,1,A,G
2,10018,20014,20015,1,2,A,G
3,20050,0,0,1,1,G,G
3,20051,0,0,2,2,A,A
3,10052,20050,20051,1,2,G,A
4,20064,0,0,1,1,A,A
4,20065,0,0,2,1,.,.
4,10066,20064,20065,2,2,A,A
4,10067,20064,20065,1,2,A,A
4,10068,20064,20065,1,1,A,A
5,20069,0,0,1,1,A,A
5,20070,0,0,2,2,A,G
5,10071,20069,20070,2,2,A,G
6,20123,0,0,1,0,.,.
6,20124,0,0,2,1,A,A
6,10125,20123,20124,1,1,G,A
6,10126,20123,20124,1,1,A,A
6,10127,20123,20124,1,2,G,A
7,20128,0,0,1,0,.,.
7,20129,0,0,2,1,A,A
7,10130,20128,20129,2,2,G,A
7,10131,20128,20129,2,2,G,A
8,20136,0,0,1,1,A,A
8,20137,0,0,2,1,A,A
8,10138,20136,20137,2,2,A,A
8,10139,20136,20137,1,1,A,A
9,20146,0,0,1,1,A,A
9,20147,0,0,2,0,.,.
9,10148,20146,20147,2,2,A,A
9,10149,20146,20147,2,1,A,A
10,20213,0,0,1,2,A,G
10,20214,0,0,2,1,A,A
10,10215,20213,20214,1,2,G,A
11,20243,0,0,1,1,G,G
11,20244,0,0,2,1,G,A
11,10245,20243,20244,1,1,G,A
11,10246,20243,20244,1,2,G,A
11,10247,20243,20244,2,1,G,A
11,10248,20243,20244,1,1,G,A
12,20268,0,0,1,1,A,A
12,20269,0,0,2,1,A,A
12,10270,20268,20269,1,1,A,A
12,10271,20268,20269,1,1,A,A
12,10272,20268,20269,1,2,A,A
12,10273,20268,20269,1,1,A,A
12,10274,20268,20269,1,1,A,A
12,10275,20268,20269,1,1,A,A
12,10276,20268,20269,1,1,A,A
12,10277,20268,20269,1,1,A,A
13,20313,0,0,1,0,.,.
13,20314,0,0,2,1,A,A
13,10315,20313,20314,1,1,A,A
13,10316,20313,20314,2,1,A,A
13,10317,20313,20314,1,1,A,A
13,10318,20313,20314,1,1,A,A
13,10319,20313,20314,2,2,A,A
14,20385,0,0,1,0,A,A
14,20386,0,0,2,1,A,G
14,10387,20385,20386,1,1,A,G
14,10388,20385,20386,2,2,A,A
14,10389,20385,20386,2,1,A,G
14,10390,20385,20386,1,1,A,A
14,10391,20385,20386,2,1,A,A
14,10392,20385,20386,1,1,A,A
15,20451,0,0,1,1,A,A
15,20452,0,0,2,1,A,G
15,10453,20451,20452,1,2,A,A
15,10454,20451,20452,1,1,A,A
16,20493,0,0,1,1,A,A
16,20494,0,0,2,2,A,G
16,10495,20493,20494,1,2,A,A
17,20499,0,0,1,1,A,A
17,20500,0,0,2,2,A,G
17,10501,20499,20500,2,2,A,G
18,20516,0,0,1,0,.,.
18,20517,0,0,2,1,G,G
18,10518,20516,20517,2,1,A,G
18,10519,20516,20517,2,2,A,G
19,20524,0,0,1,1,A,G
19,20525,0,0,2,2,.,.
19,10526,20524,20525,1,1,G,A
19,10527,20524,20525,1,2,G,A
20,20531,0,0,1,1,A,G
20,20532,0,0,2,2,G,A
20,10533,20531,20532,1,2,A,G
20,10534,20531,20532,2,1,A,G
21,20657,0,0,1,2,A,A
21,20658,0,0,2,1,A,G
21,10659,20657,20658,1,2,A,G
21,10660,20657,20658,2,1,A,A
21,10661,20657,20658,1,2,A,G
21,10662,20657,20658,1,1,A,A
21,10663,20657,20658,2,1,A,G
22,20789,0,0,1,0,.,.
22,20790,0,0,2,1,A,G
22,10791,20789,20790,2,2,A,G
23,20820,0,0,1,1,A,G
23,20821,0,0,2,2,A,G
23,10822,20820,20821,2,1,G,A
23,10823,20820,20821,2,2,G,G
23,10824,20820,20821,1,2,A,G
23,10825,20820,20821,1,1,A,G
24,20852,0,0,1,2,A,A
24,20853,0,0,2,1,A,A
24,10854,20852,20853,2,1,A,A
24,10855,20852,20853,1,1,A,A
24,10856,20852,20853,1,1,A,A
24,10857,20852,20853,1,2,A,A
25,20891,0,0,1,2,A,A
25,20892,0,0,2,0,.,.
25,10893,20891,20892,2,1,A,G
25,10894,20891,20892,1,2,A,A
26,20898,0,0,1,0,.,.
26,20899,0,0,2,2,A,A
26,10900,20898,20899,1,2,G,A
26,10901,20898,20899,2,1,G,A
27,20905,0,0,1,1,G,A
27,20906,0,0,2,0,.,.
27,10907,20905,20906,2,1,G,A
27,10908,20905,20906,2,2,G,G
27,10909,20905,20906,1,1,A,A
28,20920,0,0,1,2,A,A
28,20921,0,0,2,0,.,.
28,10922,20920,20921,1,2,A,A
28,10923,20920,20921,1,1,A,A
29,20983,0,0,1,1,A,G
29,20984,0,0,2,0,.,.
29,10985,20983,20984,1,2,G,G
29,10986,20983,20984,2,1,G,A
29,10987,20983,20984,2,1,A,A
29,10988,20983,20984,2,1,.,.
30,20989,0,0,1,1,G,A
30,20990,0,0,2,1,A,A
30,10991,20989,20990,1,1,A,A
30,10992,20989,20990,1,2,G,A
31,20993,0,0,1,1,A,G
31,20994,0,0,2,0,.,.
31,10995,20993,20994,2,2,G,G
31,10996,20993,20994,1,1,A,G
32,20996,0,0,1,1,A,G
32,20997,0,0,2,2,.,.
32,10998,20996,20997,1,2,A,G
33,21013,0,0,1,2,A,A
33,21014,0,0,2,1,A,A
33,11015,21013,21014,1,1,A,A
33,11016,21013,21014,1,2,A,A
33,11017,21013,21014,1,1,A,A
34,21018,0,0,1,1,A,A
34,21019,0,0,2,1,A,A
34,11020,21018,21019,1,2,A,A
34,11021,21018,21019,2,1,A,A
35,21057,0,0,1,2,G,A
35,21058,0,0,2,0,.,.
35,11059,21057,21058,1,1,G,G
35,11060,21057,21058,1,2,G,G
35,11061,21057,21058,2,2,A,G
36,21081,0,0,1,2,A,A
36,21082,0,0,2,0,.,.
36,11083,21081,21082,2,2,A,G
37,21084,0,0,1,1,G,A
37,21085,0,0,2,0,.,.
37,11086,21084,21085,2,2,G,A
37,11087,21084,21085,1,1,G,A
38,21122,0,0,1,0,.,.
38,21123,0,0,2,1,A,A
38,11124,21122,21123,2,2,A,A
39,21153,0,0,1,0,A,G
39,21154,0,0,2,2,A,A
39,11155,21153,21154,2,1,A,A
39,11156,21153,21154,2,2,G,A
40,21174,0,0,1,2,A,A
40,21175,0,0,2,1,A,G
40,11176,21174,21175,2,2,A,G
41,21195,0,0,1,1,A,A
41,21196,0,0,2,2,A,A
41,11197,21195,21196,1,2,A,A
42,21210,0,0,1,1,A,A
42,21211,0,0,2,0,.,.
42,11212,21210,21211,1,1,A,A
42,11213,21210,21211,1,1,A,A
42,11214,21210,21211,1,2,A,A
42,11215,21210,21211,2,1,A,G
43,21241,0,0,1,1,A,A
43,21242,0,0,2,1,G,A
43,11243,21241,21242,2,2,A,A
43,11244,21241,21242,2,1,A,A
44,21276,0,0,1,0,.,.
44,21277,0,0,2,1,G,A
44,11278,21276,21277,2,2,G,A
44,11279,21276,21277,2,1,G,G
45,21295,0,0,1,1,A,A
45,21296,0,0,2,1,A,A
45,11297,21295,21296,1,2,A,A
45,11298,21295,21296,1,1,A,A
46,21307,0,0,1,0,.,.
46,21308,0,0,2,0,.,.
46,11309,21307,21308,1,1,G,A
46,11310,21307,21308,1,2,A,A
47,21311,0,0,1,1,A,A
47,21312,0,0,2,0,.,.
47,11313,21311,21312,1,1,A,G
47,11314,21311,21312,2,1,A,G
47,11315,21311,21312,1,2,A,A
47,11316,21311,21312,1,1,A,G
47,11317,21311,21312,2,2,A,G
47,11318,21311,21312,1,2,A,A
47,11319,21311,21312,1,1,A,G
48,21336,0,0,1,1,A,A
48,21337,0,0,2,1,A,A
48,11338,21336,21337,2,1,A,A
48,11339,21336,21337,1,1,A,A
48,11340,21336,21337,2,2,A,A
48,11341,21336,21337,1,2,A,A
48,11342,21336,21337,1,1,A,A
48,11343,21336,21337,2,1,A,A
48,11344,21336,21337,2,2,A,A
49,21385,0,0,1,1,A,A
49,21386,0,0,2,1,.,.
49,11387,21385,21386,1,2,A,A
50,21496,0,0,1,2,A,G
50,21497,0,0,2,0,.,.
50,11498,21496,21497,1,2,A,A
50,11499,21496,21497,1,2,A,A
50,11500,21496,21497,2,1,A,A
50,11501,21496,21497,2,1,A,A
